"Reference","Qty","Value","Footprint","Datasheet","Digikey","CPN"
"C1,C5,C6,C7,C8,C10,C12,C24","8","100n (X7R)","Capacitor_SMD:C_0603_1608Metric","https://product.samsungsem.com/mlcc/CL10B104KB8NNW.do","https://www.digikey.com/en/products/detail/samsung-electro-mechanics/CL10B104KB8NNWC/3887593","#C02"
"C2","1","1n (C0G)","Capacitor_SMD:C_0603_1608Metric","https://search.murata.co.jp/Ceramy/image/img/A01X/G101/ENG/GRM1885C1H102JA01-01.pdf","https://www.digikey.com/en/products/detail/murata-electronics/GRM1885C1H102JA01D/586943","#C07"
"C3,C4,C14,C15,C16,C17,C18,C19,C20,C21,C22,C23","12","10u (X7R)","Capacitor_SMD:C_1210_3225Metric","https://mm.digikey.com/Volume0/opasdata/d220001/medias/docus/41/CL32B106KBJNNNE_Spec.pdf","https://www.digikey.com/en/products/detail/samsung-electro-mechanics/CL32B106KBJNNNE/3889045","#C09"
"C9","1","1u (X7R)","Capacitor_SMD:C_0603_1608Metric","https://product.samsungsem.com/mlcc/CL10B105KO8NNN.do","https://www.digikey.com/en/products/detail/samsung-electro-mechanics/CL10B105KO8NNNC/3886677","#C05 "
"C11","1","10n (C0G)","Capacitor_SMD:C_0603_1608Metric","https://search.murata.co.jp/Ceramy/image/img/A01X/G101/ENG/GRM1885C1H103JA01-01.pdf","https://www.digikey.com/en/products/detail/murata-electronics/GRM1885C1H103JA01J/4905215","#C03"
"C13","1","DNP","Capacitor_SMD:C_0603_1608Metric","~","",""
"D1","1","BAV199Q-7-F","Package_TO_SOT_SMD:SOT-23","https://www.diodes.com/assets/Datasheets/ds30232.pdf","https://www.digikey.com/en/products/detail/diodes-incorporated/BAV199Q-7-F/6006038",""
"F1","1","3A","Fuse:Fuse_1206_3216Metric","https://www.belfuse.com/media/datasheets/products/circuit-protection/ds-cp-c1t-series.pdf","https://www.digikey.com/en/products/detail/bel-fuse-inc/0685T3000-01/4968268",""
"FB1","1","MH2029-300T","Inductor_SMD:L_0805_2012Metric","https://www.bourns.com/docs/Product-Datasheets/MH2029-T.pdf","https://www.digikey.com/en/products/detail/bourns-inc/MH2029-300T/21556186",""
"H1,H2,H3,H4","4","M3","MountingHole:MountingHole_2.2mm_M2_DIN965_Pad","~","",""
"J1","1","VSUP","20AWG:20AWG","~","",""
"J2","1","GND","20AWG:20AWG","~","",""
"J3","1","Vout","20AWG:20AWG","~","",""
"J4","1","Vsense","20AWG:20AWG","~","",""
"L1","1","10u (Powdered)","Inductor_SMD:L_Vishay_IHLP-4040","https://www.vishay.com/docs/34192/lp40dz11.pdf","https://www.digikey.com/en/products/detail/vishay-dale/IHLP4040DZER100M11/1220709",""
"Q1,Q2","2","MMBT3904-7-F","Package_TO_SOT_SMD:SOT-23","https://www.diodes.com/assets/Datasheets/MMBT3904.pdf","https://www.digikey.com/en/products/detail/diodes-incorporated/MMBT3904-7-F/814494",""
"R1","1","0.2R (TkF)","Resistor_SMD:R_1206_3216Metric","https://www.vishay.com/docs/20019/rcwe.pdf","https://www.digikey.com/en/products/detail/vishay-dale/RCWE1206R200FKEA/3079305",""
"R2","1","20k (TnF)","Resistor_SMD:R_0603_1608Metric","https://www.vishay.com/docs/28700/mcx0x0xpre.pdf","https://www.digikey.com/en/products/detail/vishay-beyschlag-draloric-bc-components/MCT06030C2002FP500/1850447","#R03"
"R3","1","1 (TnF)","Resistor_SMD:R_0603_1608Metric","https://www.vishay.com/docs/28700/mcx0x0xpre.pdf","https://www.digikey.com/en/products/detail/vishay/MCT06030C1008FP500/2607825","#R11"
"R4,R12","2","200k (TnF)","Resistor_SMD:R_0603_1608Metric","https://www.vishay.com/docs/28700/mcx0x0xpre.pdf","https://www.digikey.com/en/products/detail/vishay-beyschlag-draloric-bc-components/MCT06030C2003FP500/2607837","#R05"
"R5","1","1k (TnF)","Resistor_SMD:R_0603_1608Metric","https://www.vishay.com/docs/28700/mcx0x0xpre.pdf","https://www.digikey.com/en/products/detail/vishay-beyschlag-draloric-bc-components/MCT06030C1001FP500/2607821","#R01"
"R6,R14,R15,R19","4","68k (TnF)","Resistor_SMD:R_0603_1608Metric","https://www.vishay.com/docs/28700/mcx0x0xpre.pdf","https://www.digikey.com/en/products/detail/vishay/MCT06030C6802FP500/2607864","#R07"
"R7","1","28k (TnF)","Resistor_SMD:R_0603_1608Metric","https://www.vishay.com/docs/28700/mcx0x0xpre.pdf","https://www.digikey.com/en/products/detail/vishay/MCT06030D2802BP500/462794",""
"R8,R17","2","4.02k (TnF)","Resistor_SMD:R_0603_1608Metric","https://www.vishay.com/docs/28700/mcx0x0xpre.pdf","https://www.digikey.com/en/products/detail/vishay/MCT06030C4021FP500/1850353","#R04"
"R9","1","50m (TkF)","Resistor_SMD:R_0603_1608Metric","https://www.vishay.com/docs/20019/rcwe.pdf","https://www.digikey.com/en/products/detail/vishay-dale/RCWE060350L0FNEA/5773551","#R10"
"R10,R11","2","100k (TnF)","Resistor_SMD:R_0603_1608Metric","https://www.vishay.com/docs/28700/mcx0x0xpre.pdf","https://www.digikey.com/en/products/detail/vishay/MCT06030C1003FP500/2607822","#R06"
"R13","1","10k (TnF)","Resistor_SMD:R_0603_1608Metric","https://www.vishay.com/docs/28700/mcx0x0xpre.pdf","https://www.digikey.com/en/products/detail/vishay-beyschlag-draloric-bc-components/MCT06030C1002FP500/1850440","#R02"
"R16","1","1M (TnF)","Resistor_SMD:R_0603_1608Metric","https://www.vishay.com/docs/28700/mcx0x0xpre.pdf","https://www.digikey.com/en/products/detail/vishay/MCT06030C1004FP500/2607823","#R08"
"R18","1","100R (TnF)","Resistor_SMD:R_0603_1608Metric","https://www.vishay.com/docs/28700/mcx0x0xpre.pdf","https://www.digikey.com/en/products/detail/vishay/MCT06030C1000FP500/2607820","#R09"
"R20","1","0.1R (TkF)","Resistor_SMD:R_1206_3216Metric","https://www.vishay.com/docs/20019/rcwe.pdf","https://www.digikey.com/en/products/detail/vishay-dale/RCWE1206R100FKEA/5773574",""
"RV1","1","100k","Potentiometer_THT:Potentiometer_Bourns_PTV09A-1_Single_Vertical","https://www.bourns.com/docs/Product-Datasheets/PTV09.pdf","https://www.digikey.com/en/products/detail/bourns-inc/PTV09A-4025U-B104/3820579",""
"U1","1","LM4040-2.5","Package_TO_SOT_SMD:SOT-23","https://www.ti.com/lit/ds/symlink/lm4040-n.pdf?ts=1752678691365&ref_url=https%253A%252F%252Fwww.ti.com%252Fproduct%252FLM4040-N%252Fpart-details%252FLM4040BIM3-3.0%252FNOPB","https://www.digikey.com/en/products/detail/texas-instruments/LM4040EIM3-2-5-NOPB/305142",""
"U2","1","TLV9302IDR","Package_SO:SOIC-8_3.9x4.9mm_P1.27mm","https://www.ti.com/general/docs/suppproductinfo.tsp?distId=10&gotoUrl=http%3A%2F%2Fwww.ti.com%2Flit%2Fgpn%2Ftlv9301","https://www.digikey.com/en/products/detail/texas-instruments/TLV9302IDR/10270189",""
"U3","1","LMR33640ADDAR","Package_SO:Texas_HSOP-8-1EP_3.9x4.9mm_P1.27mm_ThermalVias","https://www.ti.com/general/docs/suppproductinfo.tsp?distId=10&gotoUrl=http%253A%252F%252Fwww.ti.com%252Flit%252Fgpn%252Flmr33640","https://www.digikey.com/en/products/detail/texas-instruments/LMR33640ADDAR/11308782",""
